Aeropuerto de Salida,Aeropuerto de Llegada,Código de la Aerolínea,Número de Vuelo,Duración (Minutos),Precio (EUR),Fecha de Salida,Hora de Salida,Fecha de extracción
FCO,MAD,AZ,64,154,63.56,2025-02-01,21:25:00,2024-10-19
FCO,MAD,AZ,58,155,63.56,2025-02-01,08:20:00,2024-10-19
FCO,MAD,AZ,60,155,63.56,2025-02-01,14:35:00,2024-10-19
FCO,MAD,IB,648,155,77.56,2025-02-01,11:55:00,2024-10-19
FCO,MAD,IB,658,155,104.56,2025-02-01,07:30:00,2024-10-19
FCO,MAD,IB,650,155,104.56,2025-02-01,14:45:00,2024-10-19
FCO,MAD,IB,656,155,104.56,2025-02-01,20:20:00,2024-10-19
FCO,MAD,UX,1048,155,116.56,2025-02-01,18:25:00,2024-10-19
FCO,MAD,UX,3114,155,119.56,2025-02-01,08:20:00,2024-10-19
FCO,MAD,UX,3116,155,119.56,2025-02-01,14:35:00,2024-10-19
FCO,MAD,UX,1040,155,142.56,2025-02-01,10:30:00,2024-10-19
FCO,MAD,IB,654,155,160.56,2025-02-01,18:55:00,2024-10-19
FCO,MAD,AZ,7118,155,210.56,2025-02-01,18:25:00,2024-10-19
FCO,MAD,AZ,7116,155,298.56,2025-02-01,10:30:00,2024-10-19
FCO,MAD,AZ,64,154,63.56,2025-02-02,21:25:00,2024-10-19
FCO,MAD,AZ,58,155,63.56,2025-02-02,08:20:00,2024-10-19
FCO,MAD,AZ,60,155,63.56,2025-02-02,14:35:00,2024-10-19
FCO,MAD,IB,658,155,77.56,2025-02-02,07:30:00,2024-10-19
FCO,MAD,IB,648,155,104.56,2025-02-02,11:55:00,2024-10-19
FCO,MAD,IB,650,155,104.56,2025-02-02,14:45:00,2024-10-19
FCO,MAD,IB,652,155,104.56,2025-02-02,16:20:00,2024-10-19
FCO,MAD,UX,1040,155,116.56,2025-02-02,10:30:00,2024-10-19
FCO,MAD,UX,3114,155,119.56,2025-02-02,08:20:00,2024-10-19
FCO,MAD,IB,656,155,131.56,2025-02-02,20:20:00,2024-10-19
FCO,MAD,UX,1048,155,142.56,2025-02-02,18:25:00,2024-10-19
FCO,MAD,IB,654,155,160.56,2025-02-02,18:55:00,2024-10-19
FCO,MAD,AZ,7116,155,194.56,2025-02-02,10:30:00,2024-10-19
FCO,MAD,AZ,7118,155,274.56,2025-02-02,18:25:00,2024-10-19
FCO,MAD,AZ,64,154,63.56,2025-02-03,21:25:00,2024-10-19
FCO,MAD,AZ,58,155,63.56,2025-02-03,08:20:00,2024-10-19
FCO,MAD,AZ,60,155,63.56,2025-02-03,14:35:00,2024-10-19
FCO,MAD,IB,658,155,77.56,2025-02-03,07:30:00,2024-10-19
FCO,MAD,IB,654,155,77.56,2025-02-03,18:55:00,2024-10-19
FCO,MAD,IB,648,155,104.56,2025-02-03,11:55:00,2024-10-19
FCO,MAD,IB,650,155,104.56,2025-02-03,14:45:00,2024-10-19
FCO,MAD,IB,652,155,104.56,2025-02-03,16:20:00,2024-10-19
FCO,MAD,IB,656,155,104.56,2025-02-03,20:20:00,2024-10-19
FCO,MAD,UX,3114,155,119.56,2025-02-03,08:20:00,2024-10-19
FCO,MAD,UX,3116,155,119.56,2025-02-03,14:35:00,2024-10-19
FCO,MAD,UX,1040,155,247.56,2025-02-03,10:30:00,2024-10-19
FCO,MAD,UX,1048,155,247.56,2025-02-03,18:25:00,2024-10-19
FCO,MAD,AZ,7116,155,250.56,2025-02-03,10:30:00,2024-10-19
FCO,MAD,AZ,7118,155,274.56,2025-02-03,18:25:00,2024-10-19
FCO,MAD,AZ,64,154,63.56,2025-02-04,21:25:00,2024-10-19
FCO,MAD,AZ,58,155,63.56,2025-02-04,08:20:00,2024-10-19
FCO,MAD,AZ,60,155,63.56,2025-02-04,14:35:00,2024-10-19
FCO,MAD,IB,658,155,77.56,2025-02-04,07:30:00,2024-10-19
FCO,MAD,IB,648,155,77.56,2025-02-04,11:55:00,2024-10-19
FCO,MAD,IB,650,155,77.56,2025-02-04,14:45:00,2024-10-19
FCO,MAD,IB,652,155,77.56,2025-02-04,16:20:00,2024-10-19
FCO,MAD,IB,654,155,77.56,2025-02-04,18:55:00,2024-10-19
FCO,MAD,IB,656,155,77.56,2025-02-04,20:20:00,2024-10-19
FCO,MAD,UX,1040,155,89.56,2025-02-04,10:30:00,2024-10-19
FCO,MAD,UX,1048,155,89.56,2025-02-04,18:25:00,2024-10-19
FCO,MAD,UX,3114,155,119.56,2025-02-04,08:20:00,2024-10-19
FCO,MAD,AZ,7118,155,210.56,2025-02-04,18:25:00,2024-10-19
FCO,MAD,AZ,7116,155,274.56,2025-02-04,10:30:00,2024-10-19
FCO,MAD,UX,1040,155,62.56,2025-02-05,10:30:00,2024-10-19
FCO,MAD,UX,1048,155,62.56,2025-02-05,18:25:00,2024-10-19
FCO,MAD,AZ,64,154,63.56,2025-02-05,21:25:00,2024-10-19
FCO,MAD,AZ,58,155,63.56,2025-02-05,08:20:00,2024-10-19
FCO,MAD,AZ,60,155,63.56,2025-02-05,14:35:00,2024-10-19
FCO,MAD,IB,658,155,77.56,2025-02-05,07:30:00,2024-10-19
FCO,MAD,IB,648,155,77.56,2025-02-05,11:55:00,2024-10-19
FCO,MAD,IB,654,155,77.56,2025-02-05,18:55:00,2024-10-19
FCO,MAD,IB,656,155,77.56,2025-02-05,20:20:00,2024-10-19
FCO,MAD,IB,650,155,104.56,2025-02-05,14:45:00,2024-10-19
FCO,MAD,UX,3114,155,119.56,2025-02-05,08:20:00,2024-10-19
FCO,MAD,UX,3116,155,119.56,2025-02-05,14:35:00,2024-10-19
FCO,MAD,AZ,7116,155,274.56,2025-02-05,10:30:00,2024-10-19
FCO,MAD,AZ,7118,155,274.56,2025-02-05,18:25:00,2024-10-19
FCO,MAD,UX,1040,155,62.56,2025-02-06,10:30:00,2024-10-19
FCO,MAD,AZ,64,154,63.56,2025-02-06,21:25:00,2024-10-19
FCO,MAD,AZ,58,155,63.56,2025-02-06,08:20:00,2024-10-19
FCO,MAD,AZ,60,155,63.56,2025-02-06,14:35:00,2024-10-19
FCO,MAD,IB,648,155,77.56,2025-02-06,11:55:00,2024-10-19
FCO,MAD,IB,652,155,77.56,2025-02-06,16:20:00,2024-10-19
FCO,MAD,IB,656,155,77.56,2025-02-06,20:20:00,2024-10-19
FCO,MAD,UX,1048,155,89.56,2025-02-06,18:25:00,2024-10-19
FCO,MAD,IB,658,155,104.56,2025-02-06,07:30:00,2024-10-19
FCO,MAD,IB,650,155,104.56,2025-02-06,14:45:00,2024-10-19
FCO,MAD,UX,3114,155,119.56,2025-02-06,08:20:00,2024-10-19
FCO,MAD,IB,654,155,187.56,2025-02-06,18:55:00,2024-10-19
FCO,MAD,AZ,7118,155,194.56,2025-02-06,18:25:00,2024-10-19
FCO,MAD,AZ,7116,155,274.56,2025-02-06,10:30:00,2024-10-19
FCO,MAD,AZ,64,154,63.56,2025-02-07,21:25:00,2024-10-19
FCO,MAD,AZ,58,155,63.56,2025-02-07,08:20:00,2024-10-19
FCO,MAD,AZ,60,155,63.56,2025-02-07,14:35:00,2024-10-19
FCO,MAD,IB,648,155,77.56,2025-02-07,11:55:00,2024-10-19
FCO,MAD,IB,650,155,77.56,2025-02-07,14:45:00,2024-10-19
FCO,MAD,IB,652,155,77.56,2025-02-07,16:20:00,2024-10-19
FCO,MAD,IB,654,155,77.56,2025-02-07,18:55:00,2024-10-19
FCO,MAD,UX,3114,155,119.56,2025-02-07,08:20:00,2024-10-19
FCO,MAD,UX,3116,155,119.56,2025-02-07,14:35:00,2024-10-19
FCO,MAD,IB,658,155,131.56,2025-02-07,07:30:00,2024-10-19
FCO,MAD,IB,656,155,131.56,2025-02-07,20:20:00,2024-10-19
FCO,MAD,UX,1048,155,221.56,2025-02-07,18:25:00,2024-10-19
FCO,MAD,AZ,7118,155,226.56,2025-02-07,18:25:00,2024-10-19
FCO,MAD,AZ,7116,155,274.56,2025-02-07,10:30:00,2024-10-19
FCO,MAD,UX,1040,155,299.56,2025-02-07,10:30:00,2024-10-19
FCO,MAD,AZ,64,154,63.56,2025-02-08,21:25:00,2024-10-19
FCO,MAD,AZ,58,155,63.56,2025-02-08,08:20:00,2024-10-19
FCO,MAD,AZ,60,155,63.56,2025-02-08,14:35:00,2024-10-19
FCO,MAD,IB,658,155,77.56,2025-02-08,07:30:00,2024-10-19
FCO,MAD,IB,650,155,77.56,2025-02-08,14:45:00,2024-10-19
FCO,MAD,IB,654,155,77.56,2025-02-08,18:55:00,2024-10-19
FCO,MAD,IB,656,155,77.56,2025-02-08,20:20:00,2024-10-19
FCO,MAD,UX,1040,155,116.56,2025-02-08,10:30:00,2024-10-19
FCO,MAD,UX,1048,155,116.56,2025-02-08,18:25:00,2024-10-19
FCO,MAD,UX,3114,155,119.56,2025-02-08,08:20:00,2024-10-19
FCO,MAD,UX,3116,155,119.56,2025-02-08,14:35:00,2024-10-19
FCO,MAD,IB,648,155,131.56,2025-02-08,11:55:00,2024-10-19
FCO,MAD,AZ,7118,155,210.56,2025-02-08,18:25:00,2024-10-19
FCO,MAD,AZ,7116,155,274.56,2025-02-08,10:30:00,2024-10-19
FCO,MAD,AZ,64,154,63.56,2025-02-09,21:25:00,2024-10-19
FCO,MAD,AZ,58,155,63.56,2025-02-09,08:20:00,2024-10-19
FCO,MAD,AZ,60,155,63.56,2025-02-09,14:35:00,2024-10-19
FCO,MAD,IB,650,155,77.56,2025-02-09,14:45:00,2024-10-19
FCO,MAD,IB,652,155,77.56,2025-02-09,16:20:00,2024-10-19
FCO,MAD,IB,648,155,104.56,2025-02-09,11:55:00,2024-10-19
FCO,MAD,IB,656,155,104.56,2025-02-09,20:20:00,2024-10-19
FCO,MAD,UX,3114,155,119.56,2025-02-09,08:20:00,2024-10-19
FCO,MAD,IB,654,155,131.56,2025-02-09,18:55:00,2024-10-19
FCO,MAD,UX,1040,155,142.56,2025-02-09,10:30:00,2024-10-19
FCO,MAD,UX,1048,155,142.56,2025-02-09,18:25:00,2024-10-19
FCO,MAD,IB,658,155,160.56,2025-02-09,07:30:00,2024-10-19
FCO,MAD,AZ,7116,155,274.56,2025-02-09,10:30:00,2024-10-19
FCO,MAD,AZ,7118,155,298.56,2025-02-09,18:25:00,2024-10-19
FCO,MAD,AZ,64,154,63.56,2025-02-10,21:25:00,2024-10-19
FCO,MAD,AZ,58,155,63.56,2025-02-10,08:20:00,2024-10-19
FCO,MAD,AZ,60,155,63.56,2025-02-10,14:35:00,2024-10-19
FCO,MAD,IB,658,155,77.56,2025-02-10,07:30:00,2024-10-19
FCO,MAD,IB,648,155,104.56,2025-02-10,11:55:00,2024-10-19
FCO,MAD,IB,656,155,104.56,2025-02-10,20:20:00,2024-10-19
FCO,MAD,UX,1048,155,116.56,2025-02-10,18:25:00,2024-10-19
FCO,MAD,UX,3114,155,119.56,2025-02-10,08:20:00,2024-10-19
FCO,MAD,IB,650,155,131.56,2025-02-10,14:45:00,2024-10-19
FCO,MAD,UX,1040,155,142.56,2025-02-10,10:30:00,2024-10-19
FCO,MAD,IB,652,155,214.56,2025-02-10,16:20:00,2024-10-19
FCO,MAD,IB,654,155,214.56,2025-02-10,18:55:00,2024-10-19
FCO,MAD,AZ,7116,155,250.56,2025-02-10,10:30:00,2024-10-19
FCO,MAD,AZ,7118,155,322.56,2025-02-10,18:25:00,2024-10-19
FCO,MAD,AZ,64,154,63.56,2025-02-11,21:25:00,2024-10-19
FCO,MAD,AZ,58,155,63.56,2025-02-11,08:20:00,2024-10-19
FCO,MAD,AZ,60,155,63.56,2025-02-11,14:35:00,2024-10-19
FCO,MAD,IB,648,155,77.56,2025-02-11,11:55:00,2024-10-19
FCO,MAD,IB,650,155,77.56,2025-02-11,14:45:00,2024-10-19
FCO,MAD,IB,652,155,77.56,2025-02-11,16:20:00,2024-10-19
FCO,MAD,IB,654,155,77.56,2025-02-11,18:55:00,2024-10-19
FCO,MAD,IB,656,155,77.56,2025-02-11,20:20:00,2024-10-19
FCO,MAD,UX,1040,155,116.56,2025-02-11,10:30:00,2024-10-19
FCO,MAD,UX,1048,155,116.56,2025-02-11,18:25:00,2024-10-19
FCO,MAD,UX,3114,155,119.56,2025-02-11,08:20:00,2024-10-19
FCO,MAD,UX,3116,155,119.56,2025-02-11,14:35:00,2024-10-19
FCO,MAD,IB,658,155,131.56,2025-02-11,07:30:00,2024-10-19
FCO,MAD,AZ,7116,155,274.56,2025-02-11,10:30:00,2024-10-19
FCO,MAD,AZ,7118,155,274.56,2025-02-11,18:25:00,2024-10-19
FCO,MAD,AZ,64,154,63.56,2025-02-12,21:25:00,2024-10-19
FCO,MAD,AZ,58,155,63.56,2025-02-12,08:20:00,2024-10-19
FCO,MAD,AZ,60,155,63.56,2025-02-12,14:35:00,2024-10-19
FCO,MAD,IB,658,155,77.56,2025-02-12,07:30:00,2024-10-19
FCO,MAD,IB,648,155,77.56,2025-02-12,11:55:00,2024-10-19
FCO,MAD,IB,654,155,77.56,2025-02-12,18:55:00,2024-10-19
FCO,MAD,IB,656,155,77.56,2025-02-12,20:20:00,2024-10-19
FCO,MAD,UX,1040,155,89.56,2025-02-12,10:30:00,2024-10-19
FCO,MAD,UX,1048,155,89.56,2025-02-12,18:25:00,2024-10-19
FCO,MAD,UX,3114,155,119.56,2025-02-12,08:20:00,2024-10-19
FCO,MAD,IB,650,155,131.56,2025-02-12,14:45:00,2024-10-19
FCO,MAD,AZ,7116,155,274.56,2025-02-12,10:30:00,2024-10-19
FCO,MAD,AZ,7118,155,322.56,2025-02-12,18:25:00,2024-10-19
FCO,MAD,AZ,64,154,63.56,2025-02-13,21:25:00,2024-10-19
FCO,MAD,AZ,58,155,63.56,2025-02-13,08:20:00,2024-10-19
FCO,MAD,AZ,60,155,63.56,2025-02-13,14:35:00,2024-10-19
FCO,MAD,IB,648,155,77.56,2025-02-13,11:55:00,2024-10-19
FCO,MAD,IB,650,155,77.56,2025-02-13,14:45:00,2024-10-19
FCO,MAD,IB,652,155,77.56,2025-02-13,16:20:00,2024-10-19
FCO,MAD,IB,654,155,77.56,2025-02-13,18:55:00,2024-10-19
FCO,MAD,IB,656,155,77.56,2025-02-13,20:20:00,2024-10-19
FCO,MAD,UX,1048,155,89.56,2025-02-13,18:25:00,2024-10-19
FCO,MAD,UX,1040,155,116.56,2025-02-13,10:30:00,2024-10-19
FCO,MAD,UX,3114,155,119.56,2025-02-13,08:20:00,2024-10-19
FCO,MAD,IB,658,155,131.56,2025-02-13,07:30:00,2024-10-19
FCO,MAD,AZ,7118,155,194.56,2025-02-13,18:25:00,2024-10-19
FCO,MAD,AZ,7116,155,274.56,2025-02-13,10:30:00,2024-10-19
FCO,MAD,AZ,64,154,63.56,2025-02-14,21:25:00,2024-10-19
FCO,MAD,AZ,58,155,63.56,2025-02-14,08:20:00,2024-10-19
FCO,MAD,AZ,60,155,63.56,2025-02-14,14:35:00,2024-10-19
FCO,MAD,IB,648,155,77.56,2025-02-14,11:55:00,2024-10-19
FCO,MAD,IB,650,155,77.56,2025-02-14,14:45:00,2024-10-19
FCO,MAD,IB,652,155,77.56,2025-02-14,16:20:00,2024-10-19
FCO,MAD,UX,1048,155,116.56,2025-02-14,18:25:00,2024-10-19
FCO,MAD,UX,3114,155,119.56,2025-02-14,08:20:00,2024-10-19
FCO,MAD,UX,3116,155,119.56,2025-02-14,14:35:00,2024-10-19
FCO,MAD,IB,656,155,131.56,2025-02-14,20:20:00,2024-10-19
FCO,MAD,UX,1040,155,142.56,2025-02-14,10:30:00,2024-10-19
FCO,MAD,IB,654,155,214.56,2025-02-14,18:55:00,2024-10-19
FCO,MAD,IB,658,155,243.56,2025-02-14,07:30:00,2024-10-19
FCO,MAD,AZ,7118,155,250.56,2025-02-14,18:25:00,2024-10-19
FCO,MAD,AZ,7116,155,298.56,2025-02-14,10:30:00,2024-10-19
MAD,FCO,AZ,59,145,57.80,2025-02-15,05:50:00,2024-10-19
MAD,FCO,AZ,61,150,57.80,2025-02-15,11:45:00,2024-10-19
MAD,FCO,AZ,63,150,57.80,2025-02-15,18:00:00,2024-10-19
MAD,FCO,UX,1047,145,76.80,2025-02-15,15:00:00,2024-10-19
MAD,FCO,IB,657,145,95.80,2025-02-15,21:50:00,2024-10-19
MAD,FCO,UX,3117,150,106.80,2025-02-15,11:45:00,2024-10-19
MAD,FCO,UX,3119,150,106.80,2025-02-15,18:00:00,2024-10-19
MAD,FCO,IB,653,145,122.80,2025-02-15,15:45:00,2024-10-19
MAD,FCO,IB,655,145,122.80,2025-02-15,17:10:00,2024-10-19
MAD,FCO,UX,1043,145,129.80,2025-02-15,07:05:00,2024-10-19
MAD,FCO,IB,649,145,149.80,2025-02-15,11:30:00,2024-10-19
MAD,FCO,AZ,7117,145,213.80,2025-02-15,15:00:00,2024-10-19
MAD,FCO,IB,647,145,264.80,2025-02-15,08:45:00,2024-10-19
MAD,FCO,AZ,7115,145,309.80,2025-02-15,07:05:00,2024-10-19
FCO,MAD,AZ,64,154,63.56,2025-02-16,21:25:00,2024-10-19
FCO,MAD,AZ,58,155,63.56,2025-02-16,08:20:00,2024-10-19
FCO,MAD,AZ,60,155,63.56,2025-02-16,14:35:00,2024-10-19
FCO,MAD,IB,648,155,104.56,2025-02-16,11:55:00,2024-10-19
FCO,MAD,IB,652,155,104.56,2025-02-16,16:20:00,2024-10-19
FCO,MAD,IB,656,155,104.56,2025-02-16,20:20:00,2024-10-19
FCO,MAD,UX,3114,155,119.56,2025-02-16,08:20:00,2024-10-19
FCO,MAD,IB,650,155,131.56,2025-02-16,14:45:00,2024-10-19
FCO,MAD,UX,1040,155,142.56,2025-02-16,10:30:00,2024-10-19
FCO,MAD,UX,1048,155,142.56,2025-02-16,18:25:00,2024-10-19
FCO,MAD,IB,654,155,160.56,2025-02-16,18:55:00,2024-10-19
FCO,MAD,IB,658,155,187.56,2025-02-16,07:30:00,2024-10-19
FCO,MAD,AZ,7116,155,274.56,2025-02-16,10:30:00,2024-10-19
FCO,MAD,AZ,7118,155,274.56,2025-02-16,18:25:00,2024-10-19
FCO,MAD,AZ,64,154,63.56,2025-02-17,21:25:00,2024-10-19
FCO,MAD,AZ,58,155,63.56,2025-02-17,08:20:00,2024-10-19
FCO,MAD,AZ,60,155,63.56,2025-02-17,14:35:00,2024-10-19
FCO,MAD,IB,658,155,77.56,2025-02-17,07:30:00,2024-10-19
FCO,MAD,IB,654,155,77.56,2025-02-17,18:55:00,2024-10-19
FCO,MAD,IB,656,155,77.56,2025-02-17,20:20:00,2024-10-19
FCO,MAD,IB,650,155,104.56,2025-02-17,14:45:00,2024-10-19
FCO,MAD,IB,652,155,104.56,2025-02-17,16:20:00,2024-10-19
FCO,MAD,UX,1048,155,116.56,2025-02-17,18:25:00,2024-10-19
FCO,MAD,UX,3114,155,119.56,2025-02-17,08:20:00,2024-10-19
FCO,MAD,UX,1040,155,142.56,2025-02-17,10:30:00,2024-10-19
FCO,MAD,IB,648,155,160.56,2025-02-17,11:55:00,2024-10-19
FCO,MAD,AZ,7116,155,250.56,2025-02-17,10:30:00,2024-10-19
FCO,MAD,AZ,7118,155,274.56,2025-02-17,18:25:00,2024-10-19
MAD,FCO,UX,1043,145,49.80,2025-02-18,07:05:00,2024-10-19
MAD,FCO,UX,1047,145,49.80,2025-02-18,15:00:00,2024-10-19
MAD,FCO,AZ,59,145,57.80,2025-02-18,05:50:00,2024-10-19
MAD,FCO,AZ,61,150,57.80,2025-02-18,11:45:00,2024-10-19
MAD,FCO,AZ,63,150,57.80,2025-02-18,18:00:00,2024-10-19
MAD,FCO,IB,653,145,95.80,2025-02-18,15:45:00,2024-10-19
MAD,FCO,UX,3117,150,106.80,2025-02-18,11:45:00,2024-10-19
MAD,FCO,UX,3119,150,106.80,2025-02-18,18:00:00,2024-10-19
MAD,FCO,IB,647,145,122.80,2025-02-18,08:45:00,2024-10-19
MAD,FCO,IB,649,145,122.80,2025-02-18,11:30:00,2024-10-19
MAD,FCO,IB,651,145,122.80,2025-02-18,13:05:00,2024-10-19
MAD,FCO,IB,657,145,122.80,2025-02-18,21:50:00,2024-10-19
MAD,FCO,AZ,7117,145,181.80,2025-02-18,15:00:00,2024-10-19
MAD,FCO,IB,655,145,208.80,2025-02-18,17:10:00,2024-10-19
MAD,FCO,AZ,7115,145,285.80,2025-02-18,07:05:00,2024-10-19
FCO,MAD,AZ,64,154,63.56,2025-02-19,21:25:00,2024-10-19
FCO,MAD,AZ,58,155,63.56,2025-02-19,08:20:00,2024-10-19
FCO,MAD,AZ,60,155,63.56,2025-02-19,14:35:00,2024-10-19
FCO,MAD,IB,658,155,77.56,2025-02-19,07:30:00,2024-10-19
FCO,MAD,IB,648,155,77.56,2025-02-19,11:55:00,2024-10-19
FCO,MAD,IB,650,155,77.56,2025-02-19,14:45:00,2024-10-19
FCO,MAD,UX,1040,155,89.56,2025-02-19,10:30:00,2024-10-19
FCO,MAD,UX,1048,155,89.56,2025-02-19,18:25:00,2024-10-19
FCO,MAD,IB,654,155,104.56,2025-02-19,15:00:00,2024-10-19
FCO,MAD,IB,652,155,104.56,2025-02-19,16:20:00,2024-10-19
FCO,MAD,IB,656,155,104.56,2025-02-19,20:20:00,2024-10-19
FCO,MAD,UX,3114,155,119.56,2025-02-19,08:20:00,2024-10-19
FCO,MAD,AZ,7116,155,274.56,2025-02-19,10:30:00,2024-10-19
FCO,MAD,AZ,7118,155,298.56,2025-02-19,18:25:00,2024-10-19
FCO,MAD,AZ,64,154,63.56,2025-02-20,21:25:00,2024-10-19
FCO,MAD,AZ,58,155,63.56,2025-02-20,08:20:00,2024-10-19
FCO,MAD,AZ,60,155,63.56,2025-02-20,14:35:00,2024-10-19
FCO,MAD,IB,658,155,77.56,2025-02-20,07:30:00,2024-10-19
FCO,MAD,IB,648,155,77.56,2025-02-20,11:55:00,2024-10-19
FCO,MAD,IB,652,155,104.56,2025-02-20,16:20:00,2024-10-19
FCO,MAD,IB,654,155,104.56,2025-02-20,18:55:00,2024-10-19
FCO,MAD,IB,656,155,104.56,2025-02-20,20:20:00,2024-10-19
FCO,MAD,UX,1040,155,116.56,2025-02-20,10:30:00,2024-10-19
FCO,MAD,UX,3114,155,119.56,2025-02-20,08:20:00,2024-10-19
FCO,MAD,UX,1048,155,168.56,2025-02-20,18:25:00,2024-10-19
FCO,MAD,IB,650,155,187.56,2025-02-20,14:45:00,2024-10-19
FCO,MAD,AZ,7118,155,210.56,2025-02-20,18:25:00,2024-10-19
FCO,MAD,AZ,7116,155,298.56,2025-02-20,10:30:00,2024-10-19
FCO,MAD,AZ,64,154,63.56,2025-02-21,21:25:00,2024-10-19
FCO,MAD,AZ,58,155,63.56,2025-02-21,08:20:00,2024-10-19
FCO,MAD,AZ,60,155,63.56,2025-02-21,14:35:00,2024-10-19
FCO,MAD,IB,658,155,77.56,2025-02-21,07:30:00,2024-10-19
FCO,MAD,IB,650,155,77.56,2025-02-21,14:45:00,2024-10-19
FCO,MAD,IB,648,155,104.56,2025-02-21,11:55:00,2024-10-19
FCO,MAD,IB,652,155,104.56,2025-02-21,16:20:00,2024-10-19
FCO,MAD,IB,654,155,104.56,2025-02-21,18:55:00,2024-10-19
FCO,MAD,UX,3114,155,119.56,2025-02-21,08:20:00,2024-10-19
FCO,MAD,UX,3116,155,119.56,2025-02-21,14:35:00,2024-10-19
FCO,MAD,UX,1040,155,142.56,2025-02-21,10:30:00,2024-10-19
FCO,MAD,UX,1048,155,168.56,2025-02-21,18:25:00,2024-10-19
FCO,MAD,IB,656,155,187.56,2025-02-21,20:20:00,2024-10-19
FCO,MAD,AZ,7118,155,274.56,2025-02-21,18:25:00,2024-10-19
FCO,MAD,AZ,7116,155,382.56,2025-02-21,10:30:00,2024-10-19
FCO,MAD,AZ,64,154,63.56,2025-02-22,21:25:00,2024-10-19
FCO,MAD,AZ,58,155,63.56,2025-02-22,08:20:00,2024-10-19
FCO,MAD,IB,658,155,77.56,2025-02-22,07:30:00,2024-10-19
FCO,MAD,IB,648,155,77.56,2025-02-22,11:55:00,2024-10-19
FCO,MAD,IB,650,155,77.56,2025-02-22,14:45:00,2024-10-19
FCO,MAD,IB,652,155,77.56,2025-02-22,16:20:00,2024-10-19
FCO,MAD,IB,656,155,77.56,2025-02-22,20:20:00,2024-10-19
FCO,MAD,IB,654,155,77.56,2025-02-22,18:55:00,2024-10-19
FCO,MAD,AZ,60,155,102.56,2025-02-22,14:35:00,2024-10-19
FCO,MAD,UX,1040,155,116.56,2025-02-22,10:30:00,2024-10-19
FCO,MAD,UX,1048,155,116.56,2025-02-22,18:25:00,2024-10-19
FCO,MAD,UX,3114,155,119.56,2025-02-22,08:20:00,2024-10-19
FCO,MAD,UX,3116,155,146.56,2025-02-22,14:35:00,2024-10-19
FCO,MAD,AZ,7118,155,226.56,2025-02-22,18:25:00,2024-10-19
FCO,MAD,AZ,7116,155,250.56,2025-02-22,10:30:00,2024-10-19
FCO,MAD,AZ,64,154,63.56,2025-02-23,21:25:00,2024-10-19
FCO,MAD,AZ,58,155,63.56,2025-02-23,08:20:00,2024-10-19
FCO,MAD,AZ,60,155,63.56,2025-02-23,14:35:00,2024-10-19
FCO,MAD,IB,650,155,77.56,2025-02-23,14:45:00,2024-10-19
FCO,MAD,IB,658,155,104.56,2025-02-23,07:30:00,2024-10-19
FCO,MAD,IB,652,155,104.56,2025-02-23,16:20:00,2024-10-19
FCO,MAD,IB,656,155,104.56,2025-02-23,20:20:00,2024-10-19
FCO,MAD,UX,3114,155,119.56,2025-02-23,08:20:00,2024-10-19
FCO,MAD,UX,3116,155,119.56,2025-02-23,14:35:00,2024-10-19
FCO,MAD,IB,648,155,131.56,2025-02-23,11:55:00,2024-10-19
FCO,MAD,UX,1040,155,142.56,2025-02-23,10:30:00,2024-10-19
FCO,MAD,UX,1048,155,168.56,2025-02-23,18:25:00,2024-10-19
FCO,MAD,IB,654,155,214.56,2025-02-23,18:55:00,2024-10-19
FCO,MAD,AZ,7116,155,274.56,2025-02-23,10:30:00,2024-10-19
FCO,MAD,AZ,7118,155,322.56,2025-02-23,18:25:00,2024-10-19
FCO,MAD,UX,1048,155,62.56,2025-02-24,18:25:00,2024-10-19
FCO,MAD,AZ,64,154,63.56,2025-02-24,21:25:00,2024-10-19
FCO,MAD,AZ,58,155,63.56,2025-02-24,08:20:00,2024-10-19
FCO,MAD,AZ,60,155,63.56,2025-02-24,14:35:00,2024-10-19
FCO,MAD,IB,658,155,77.56,2025-02-24,07:30:00,2024-10-19
FCO,MAD,IB,654,155,77.56,2025-02-24,18:55:00,2024-10-19
FCO,MAD,IB,656,155,77.56,2025-02-24,20:20:00,2024-10-19
FCO,MAD,IB,650,155,77.56,2025-02-24,14:45:00,2024-10-19
FCO,MAD,UX,3114,155,119.56,2025-02-24,08:20:00,2024-10-19
FCO,MAD,UX,1040,155,142.56,2025-02-24,10:30:00,2024-10-19
FCO,MAD,IB,648,155,160.56,2025-02-24,11:55:00,2024-10-19
FCO,MAD,IB,652,155,214.56,2025-02-24,16:20:00,2024-10-19
FCO,MAD,AZ,7116,155,274.56,2025-02-24,10:30:00,2024-10-19
FCO,MAD,AZ,7118,155,352.56,2025-02-24,18:25:00,2024-10-19
FCO,MAD,AZ,64,154,63.56,2025-02-25,21:25:00,2024-10-19
FCO,MAD,AZ,58,155,63.56,2025-02-25,08:20:00,2024-10-19
FCO,MAD,AZ,60,155,63.56,2025-02-25,14:35:00,2024-10-19
FCO,MAD,IB,658,155,77.56,2025-02-25,07:30:00,2024-10-19
FCO,MAD,IB,648,155,77.56,2025-02-25,11:55:00,2024-10-19
FCO,MAD,IB,650,155,77.56,2025-02-25,14:45:00,2024-10-19
FCO,MAD,IB,652,155,77.56,2025-02-25,16:20:00,2024-10-19
FCO,MAD,IB,654,155,77.56,2025-02-25,18:55:00,2024-10-19
FCO,MAD,UX,1040,155,116.56,2025-02-25,10:30:00,2024-10-19
FCO,MAD,UX,1048,155,116.56,2025-02-25,18:25:00,2024-10-19
FCO,MAD,UX,3114,155,119.56,2025-02-25,08:20:00,2024-10-19
FCO,MAD,UX,3116,155,119.56,2025-02-25,14:35:00,2024-10-19
FCO,MAD,IB,656,155,187.56,2025-02-25,20:20:00,2024-10-19
FCO,MAD,AZ,7118,155,250.56,2025-02-25,18:25:00,2024-10-19
FCO,MAD,AZ,7116,155,274.56,2025-02-25,10:30:00,2024-10-19
FCO,MAD,AZ,64,154,63.56,2025-02-26,21:25:00,2024-10-19
FCO,MAD,AZ,58,155,63.56,2025-02-26,08:20:00,2024-10-19
FCO,MAD,IB,658,155,77.56,2025-02-26,07:30:00,2024-10-19
FCO,MAD,IB,650,155,77.56,2025-02-26,14:45:00,2024-10-19
FCO,MAD,IB,654,155,77.56,2025-02-26,18:55:00,2024-10-19
FCO,MAD,IB,656,155,77.56,2025-02-26,20:20:00,2024-10-19
FCO,MAD,IB,652,155,77.56,2025-02-26,16:20:00,2024-10-19
FCO,MAD,UX,1040,155,89.56,2025-02-26,10:30:00,2024-10-19
FCO,MAD,UX,1048,155,89.56,2025-02-26,18:25:00,2024-10-19
FCO,MAD,UX,3114,155,119.56,2025-02-26,08:20:00,2024-10-19
FCO,MAD,AZ,60,155,121.56,2025-02-26,14:35:00,2024-10-19
FCO,MAD,IB,648,155,160.56,2025-02-26,11:55:00,2024-10-19
FCO,MAD,AZ,7116,155,274.56,2025-02-26,10:30:00,2024-10-19
FCO,MAD,AZ,7118,155,274.56,2025-02-26,18:25:00,2024-10-19
FCO,MAD,AZ,64,154,63.56,2025-02-27,21:25:00,2024-10-19
FCO,MAD,AZ,58,155,63.56,2025-02-27,08:20:00,2024-10-19
FCO,MAD,AZ,60,155,63.56,2025-02-27,14:35:00,2024-10-19
FCO,MAD,IB,648,155,77.56,2025-02-27,11:55:00,2024-10-19
FCO,MAD,IB,656,155,77.56,2025-02-27,20:20:00,2024-10-19
FCO,MAD,IB,658,155,104.56,2025-02-27,07:30:00,2024-10-19
FCO,MAD,IB,652,155,104.56,2025-02-27,16:20:00,2024-10-19
FCO,MAD,UX,1040,155,116.56,2025-02-27,10:30:00,2024-10-19
FCO,MAD,UX,1048,155,116.56,2025-02-27,18:25:00,2024-10-19
FCO,MAD,UX,3114,155,119.56,2025-02-27,08:20:00,2024-10-19
FCO,MAD,UX,3116,155,119.56,2025-02-27,14:35:00,2024-10-19
FCO,MAD,IB,654,155,131.56,2025-02-27,18:55:00,2024-10-19
FCO,MAD,IB,650,155,160.56,2025-02-27,14:45:00,2024-10-19
FCO,MAD,AZ,7118,155,226.56,2025-02-27,18:25:00,2024-10-19
FCO,MAD,AZ,7116,155,274.56,2025-02-27,10:30:00,2024-10-19
FCO,MAD,AZ,64,154,63.56,2025-02-28,21:25:00,2024-10-19
FCO,MAD,AZ,58,155,63.56,2025-02-28,08:20:00,2024-10-19
FCO,MAD,AZ,60,155,63.56,2025-02-28,14:35:00,2024-10-19
FCO,MAD,IB,650,155,77.56,2025-02-28,14:45:00,2024-10-19
FCO,MAD,IB,658,155,104.56,2025-02-28,07:30:00,2024-10-19
FCO,MAD,IB,652,155,104.56,2025-02-28,16:20:00,2024-10-19
FCO,MAD,UX,3114,155,119.56,2025-02-28,08:20:00,2024-10-19
FCO,MAD,UX,1040,155,142.56,2025-02-28,10:30:00,2024-10-19
FCO,MAD,UX,1048,155,142.56,2025-02-28,18:25:00,2024-10-19
FCO,MAD,AZ,7118,155,298.56,2025-02-28,18:25:00,2024-10-19
FCO,MAD,IB,656,155,325.56,2025-02-28,20:20:00,2024-10-19
FCO,MAD,AZ,7116,155,352.56,2025-02-28,10:30:00,2024-10-19
FCO,MAD,IB,654,155,378.56,2025-02-28,18:55:00,2024-10-19
FCO,MAD,IB,648,155,436.56,2025-02-28,11:55:00,2024-10-19
